track_id,track_name,track_artist,track_popularity,track_album_id,track_album_name,track_album_release_date,playlist_name,playlist_id,playlist_genre,playlist_subgenre,danceability,energy,key,loudness,mode,speechiness,acousticness,instrumentalness,liveness,valence,tempo,duration_ms,cluster
6f807x0ima9a1j3VPbc7VN,I Don't Care (with Justin Bieber) - Loud Luxury Remix,Ed Sheeran,66,2oCs0DGTsRO98Gh5ZSl2Cx,I Don't Care (with Justin Bieber) [Loud Luxury Remix],2019-06-14,Pop Remix,37i9dQZF1DXcZDD7cfEKhW,pop,dance pop,0.7920933357706471,0.9921139345764314,6,1.406422569282396,1,-0.2943225298305203,0.12401996907370617,-0.17719397235560252,-0.8584588152676019,0.21461540283035901,0.22649318742608687,194754,3
0r7CVbZTWZgbTCYdfa2P31,Memories - Dillon Francis Remix,Maroon 5,67,63rPSO264uRjW1X5E6cWv6,Memories (Dillon Francis Remix),2019-12-13,Pop Remix,37i9dQZF1DXcZDD7cfEKhW,pop,dance pop,0.597069677019972,0.016201762237054555,11,-0.029778344382567597,1,-0.6268027186577598,-0.19716522871616352,-0.12595815564635393,1.4303763281091595,1.1729174270664326,-1.487814585283404,162600,0
1z1Hg7Vb0AhHDiEmnDE79l,All the Time - Don Diablo Remix,Zara Larsson,70,1HoSmj2eLcsrR0vE9gThr4,All the Time (Don Diablo Remix),2019-07-05,Pop Remix,37i9dQZF1DXcZDD7cfEKhW,pop,dance pop,0.1449693771888625,1.1370513859139626,1,0.9155924497515004,0,-0.04258752971846751,-0.12120926977937006,-0.176910410709682,-0.5077185653226542,0.7348365017013705,0.37971177552358076,176616,3
75FpbthrwQmzHlBJLuGdC7,Call You Mine - Keanu Silva Remix,The Chainsmokers,60,1nqYsOef1yKKuGOVchbsk6,Call You Mine - The Remixes,2019-07-19,Pop Remix,37i9dQZF1DXcZDD7cfEKhW,pop,dance pop,0.5261519829288174,1.1273888891581272,7,0.7027763828872275,1,0.3975529107290208,-0.671347429507289,-0.17707920899418492,0.22985600950564733,-1.1051033848318914,0.22027742320306493,169093,3
1e8PAfcKUYoKkxPhrHqw4x,Someone You Loved - Future Humans Remix,Lewis Capaldi,69,7m7vv9wlQ4i0LFuJiE2zsQ,Someone You Loved (Future Humans Remix),2019-03-05,Pop Remix,37i9dQZF1DXcZDD7cfEKhW,pop,dance pop,-0.07664841684599559,0.19012670384209202,1,0.15289903093156298,1,-0.6489680645795757,-0.11144350363035378,-0.17719397235560252,-0.7172211307260122,1.3481497972124579,0.3772254698343722,189052,3
7fvUMiyapMsRRxr07cU8Ef,Beautiful People (feat. Khalid) - Jack Wins Remix,Ed Sheeran,67,2yiy9cd2QktrNvWC2EUi0k,Beautiful People (feat. Khalid) [Jack Wins Remix],2019-07-11,Pop Remix,37i9dQZF1DXcZDD7cfEKhW,pop,dance pop,0.1449693771888625,1.0211014248439376,8,-0.28564968488990117,1,0.7933626593328775,-0.11578384414102767,-0.17719397235560252,-0.2487828103297399,0.5815081778235985,0.4553887049388749,163049,3
2OAylPUDDfwRGfe0lYqlCQ,Never Really Over - R3HAB Remix,Katy Perry,62,7INHYSeusaFlyrHSNxm8qH,Never Really Over (R3HAB Remix),2019-07-26,Pop Remix,37i9dQZF1DXcZDD7cfEKhW,pop,dance pop,-1.8584554808862532,0.41236412922630655,5,0.081550291751633,0,-0.23099297005390323,1.0463423275919135,-0.17719397235560252,0.010152944663174514,-1.7896048307148014,-0.5029267441455549,187675,2
6b1RNvAcJjQH73eZO4BLAB,Post Malone (feat. RANI) - GATTÃœSO Remix,Sam Feldt,69,6703SRPsLkS4bPtMFFJes1,Post Malone (feat. RANI) [GATTÃœSO Remix],2019-08-29,Pop Remix,37i9dQZF1DXcZDD7cfEKhW,pop,dance pop,-1.0340372870765815,0.866501476750571,4,1.5386637669003689,0,-0.5302251399984188,-0.619263343379202,-0.1771351911217057,-0.4998720272925659,-0.6122623437961964,0.6849057988739659,207619,2
7bF6tCO3gFb8INrEDcjNT5,Tough Love - TiÃ«sto Remix / Radio Edit,Avicii,68,7CvAfGvq4RlIwEbT9o8Iav,Tough Love (TiÃ«sto Remix),2019-06-14,Pop Remix,37i9dQZF1DXcZDD7cfEKhW,pop,dance pop,-0.5730722754840777,1.1757013729373043,8,0.8356326558429586,1,-0.3228208317299979,-0.7125806643586913,-0.17714565734554655,3.627406976533888,-0.6177383553632597,0.6133468132564237,193187,0
1IXGILkPm0tOCNeq00kCPa,If I Can't Have You - Gryffin Remix,Shawn Mendes,67,4QxzbfSsVryEQwvPFEV5Iu,If I Can't Have You (Gryffin Remix),2019-06-20,Pop Remix,37i9dQZF1DXcZDD7cfEKhW,pop,dance pop,-0.1475661109371502,0.045189252504560795,2,0.22670807146252475,1,-0.7107143853617773,-0.36752359376011484,-0.17719397235560252,-0.6497409036672528,0.6088882356589149,0.4534462786191801,253040,3
3eFJI470ALf1EYjywPRsJy,Cross Me (feat. Chance the Rapper & PnB Rock) - M-22 Remix,Ed Sheeran,58,49bXZtlI5kQSqQMSCnSaWO,Cross Me (feat. Chance the Rapper & PnB Rock) [M-22 Remix],2019-06-21,Pop Remix,37i9dQZF1DXcZDD7cfEKhW,pop,dance pop,0.1804282242344398,1.0597514118672793,6,-0.9714586864900872,1,1.6483117163172074,0.601457425247837,-0.17713409581921072,-0.3978670329014178,1.4960021095231666,0.222452940681122,207894,3
3iJeF2izF1QcpCgUc97BLl,Hate Me - R3HAB Remix,Ellie Goulding,67,6e6RVFWdZaoTiLAZOCMnps,Hate Me (R3HAB Remix),2019-08-16,Pop Remix,37i9dQZF1DXcZDD7cfEKhW,pop,dance pop,-1.9648320220229851,-0.37996060475219634,8,0.0015904978430912224,1,-0.34023646066856766,0.6231591278012066,-0.17719397235560252,-0.3272481906306229,-0.820350783344601,0.31110527791197484,203733,2
6e0CvGZf7CouOpYF8toXHC,Body On My,Loud Luxury,67,2R66I0nzp3NnuUlzIGWQ5P,Body On My,2019-03-29,Pop Remix,37i9dQZF1DXcZDD7cfEKhW,pop,dance pop,0.7566344887250699,-0.8437604490322962,1,0.15105380491828888,1,-0.4843112091603714,-0.5498178952084194,-0.17719397235560252,1.5637674746206611,1.1400613576640537,0.22253063773391016,192507,0
3eLdNmnRWr9gIyBcqTSSti,SOS - Laidback Luke Tribute Remix / Radio Edit,Avicii,68,7Al4TIo0c5twNLfdOh1y1u,SOS (Laidback Luke Tribute Remix),2019-05-17,Pop Remix,37i9dQZF1DXcZDD7cfEKhW,pop,dance pop,-0.7680959342347529,0.982451437820596,5,0.2888306805760842,0,-0.2278264920650724,-0.8623224119769414,-0.17719397235560252,1.2891386435675702,1.090777253560484,0.3727967378254688,164516,0
55nMnifaQWKe3f9cbwOXwx,Summer Days (feat. Macklemore & Patrick Stump of Fall Out Boy) - TiÃ«sto Remix,Martin Garrix,63,2vx3BtBMn8Ed3ygEg1OT2t,Summer Days (feat. Macklemore & Patrick Stump of Fall Out Boy) [Remixes],2019-07-12,Pop Remix,37i9dQZF1DXcZDD7cfEKhW,pop,dance pop,0.27794005360977636,-0.32198562421718385,5,0.2919060572648742,0,-0.2769069008919506,-0.903230121290043,-0.15492282162450396,-0.7988251262389306,-1.3186678359473596,0.5399230983719747,255238,2
1EJgymgJHcjSOGSHcYaxvW,South of the Border (feat. Camila Cabello & Cardi B) - Andy Jarvis Remix,Ed Sheeran,66,1imXAvLuowvPYIsFMYUPY0,South of the Border (feat. Camila Cabello & Cardi B) [Andy Jarvis Remix],2019-12-11,Pop Remix,37i9dQZF1DXcZDD7cfEKhW,pop,dance pop,1.2973819061701235,0.20945169735376284,0,0.19533922923686595,1,0.20123127542150807,0.42784380482088047,-0.17713275711616133,1.4931486323498662,1.331721762511268,0.4589627693671131,188230,0
5WaXMQMlQpq8pwIdaFP43L,All My Friends - Eden Prince Remix,AJ Mitchell,60,4lXBBbiEgwTzcfAkqdXJV1,All My Friends (Eden Prince Remix),2019-05-03,Pop Remix,37i9dQZF1DXcZDD7cfEKhW,pop,dance pop,0.31339890065535364,0.8471764832389002,1,0.36817539914686775,0,0.2835597031311102,-0.22103710152487016,-0.17719397235560252,1.9796339902153417,-0.6067863322291331,-0.08312956793320056,173548,0
3TjLsDgL0bTbSQIF6M5Ki8,Say My Name (feat. Bebe Rexha & J Balvin) - Lucas & Steve Remix,David Guetta,65,19z3vpbBT09lZ54neDfuFL,Say My Name (feat. Bebe Rexha & J Balvin) [Lucas & Steve Remix],2018-12-28,Pop Remix,37i9dQZF1DXcZDD7cfEKhW,pop,dance pop,0.17156351247304547,-0.6408480171597525,10,-0.22660245246513178,0,1.3949934772107395,-0.5541582357190933,-0.17719397235560252,-0.005540131397002129,0.20366337969623247,0.06845738205574996,189375,3
0GfS3y8Jd7SHWd9R51s7Fo,Dancing With A Stranger (With Normani) - Cheat Codes Remix,Sam Smith,69,2LDzwN4iZ4qbSA32E9CG4Q,Dancing With A Stranger (With Normani) [Cheat Codes Remix],2019-03-08,Pop Remix,37i9dQZF1DXcZDD7cfEKhW,pop,dance pop,0.7743639122478585,-2.476722400768479,1,-1.1080054114723665,1,-0.3592353286015528,0.13487082035039097,-0.1333818725567201,-0.2880155004801813,-0.8477308411799174,-0.5563046194107568,159404,1
2v3DuCVBbopteJqdM7aKQK,Let It Be Me - Sondr Remix,Steve Aoki,35,097kyycr5ZuLS2cPwwUHwt,Let It Be Me (Remixes),2019-10-18,Pop Remix,37i9dQZF1DXcZDD7cfEKhW,pop,dance pop,-1.6988906691811554,0.07417674277206704,7,-0.3354707872483006,1,0.2613943572092942,-0.8969366275495658,-0.17182699013023944,-0.34294126669079955,-1.3515239053497392,0.27621930121026356,185366,2
4QAUGy6k7c3IOAhgWz52r7,Heaven - David Guetta & MORTEN Remix,Avicii,70,37bCTD5iLWMpDcBanNkkXB,Heaven (David Guetta & MORTEN Remix),2019-08-23,Pop Remix,37i9dQZF1DXcZDD7cfEKhW,pop,dance pop,-0.7680959342347529,1.1660388761814688,6,-0.08144467275424057,0,-0.5112262720654337,-0.9510823754202229,0.06377257653825082,-0.5469512554730959,-1.5048522292275113,0.5304440579318661,215238,2
3Ciaf6WgvG95TGRGxQ1yO8,All Around The World (La La La) - Marnik Remix,R3HAB,64,5r998zJ0MNYb2TTxyQmjxT,All Around The World (La La La) [Marnik Remix],2019-08-23,Pop Remix,37i9dQZF1DXcZDD7cfEKhW,pop,dance pop,0.4375048653148742,0.9631264443089251,9,0.36386987178256186,0,-0.6663836935181454,-0.017041097523196096,0.808578273119252,-0.48417895123238924,1.2495815890053186,1.2350009326114189,170667,3
1mC2UjWt25Oixtqu7C6suL,Don't Leave Me Alone (feat. Anne-Marie) - EDX's Indian Summer Remix,David Guetta,62,1WhPuMFm5VaTJqe9rl3C5Q,Don't Leave Me Alone (feat. Anne-Marie) [EDX's Indian Summer Remix],2019-05-08,Pop Remix,37i9dQZF1DXcZDD7cfEKhW,pop,dance pop,0.2247517830414114,0.045189252504560795,4,0.2728387217943754,0,0.8091950492770318,-0.4738619362716258,-0.17715271596162524,-0.4370997230518594,-0.7820187023751579,0.37427298182843693,210968,3
2wenGTypSYHXl1sN1pNC7X,Slow Dance (feat. Ava Max) - Sam Feldt Remix,AJ Mitchell,70,6Ol6C42O7AWnTkj8pHMHWv,Slow Dance (feat. Ava Max) [Sam Feldt Remix],2019-10-25,Pop Remix,37i9dQZF1DXcZDD7cfEKhW,pop,dance pop,0.650257947588338,0.35438914869129406,1,-0.6633059422733218,1,-0.5143927500542645,0.2542301843939238,-0.17716938889960426,-1.0663920730649423,-0.58488228596088,0.38095492836818556,193548,3
4sqABRRGU7CzcHXCyxUzFw,Do You Mean (feat. Ty Dolla $ign & bÃ¼low) - Myon Remix,The Chainsmokers,58,5vf16sRhXB2f3sS5kteU2T,Do You Mean - The Remixes (feat. Ty Dolla $ign & bÃ¼low),2019-05-24,Pop Remix,37i9dQZF1DXcZDD7cfEKhW,pop,dance pop,-0.3425897696878253,0.7312265221688752,11,0.6984708555229213,1,-0.6600507375404837,-0.8058979853381805,-0.17696760983997498,1.7285447732525159,-0.31108170760771603,-0.7072699929774054,205093,0
5dy3WUywjZcalTno1io8TQ,Hold Me While You Wait - Steve Void Remix,Lewis Capaldi,63,1LTVUVJQ9wNArrbm02ZOVL,Hold Me While You Wait (Steve Void Remix),2019-06-21,Pop Remix,37i9dQZF1DXcZDD7cfEKhW,pop,dance pop,0.1449693771888625,-0.5152355593338922,11,-1.3017541428661408,1,-0.5302251399984188,0.14572167162707578,-0.17719397235560252,1.2185198012967753,-0.059185175522804924,0.45158154935227446,172800,0
2M9GeaCQXrV12J0wzBxIwi,One Thing Right - Firebeatz Remix,Marshmello,66,13pvchQvJxxpvvtsasA4NG,One Thing Right (Remixes),2019-08-09,Pop Remix,37i9dQZF1DXcZDD7cfEKhW,pop,dance pop,0.20702235951862277,0.3640516454471295,1,-1.350960169886782,0,-0.6426351086019141,-0.8243444325085445,-0.16704416923552812,-1.1440727995628166,-0.7163065635703988,0.534484304676831,192381,2
1zzOMDmkRZy0g9f4JTAZKn,Close To Me (with Diplo) (feat. Swae Lee) - CID Remix,Ellie Goulding,8,5bMicFMWsZlRZNTDq9h3oA,Close To Me (Remixes),2019-02-01,Pop Remix,37i9dQZF1DXcZDD7cfEKhW,pop,dance pop,0.03859283605213062,0.8858264702622418,1,0.7009311568739534,0,-0.40831573742843097,-0.6301141946558868,-0.17719397235560252,1.2420594153870403,-0.44798199678429784,0.5341735164656795,175000,0
4OFFY6L5ywYM1TwhXX69wQ,So Am I - Toby Green Remix,Ava Max,62,4pl2838fY2YPaqiT2yWuMo,So Am I (Toby Green Remix),2019-05-23,Pop Remix,37i9dQZF1DXcZDD7cfEKhW,pop,dance pop,-0.2982662108808537,1.2046888632048094,6,0.5766859386468346,1,-0.39881630346193836,-0.9358911836328642,-0.17402976514790547,-0.6466022884552175,-0.5903582975279432,0.6896453190940197,166875,2
1hr5Y2i4NlE3LPvQZ9Q5Ao,When You Leave - Breathe Carolina Remix,Nikki Vianna,30,6MhbDWEsAP9Xsgoj0TuEOc,When You Leave (Breathe Carolina Remix),2019-04-19,Pop Remix,37i9dQZF1DXcZDD7cfEKhW,pop,dance pop,0.1804282242344398,0.9244764572855835,1,1.2249753446437817,1,0.44505008056148365,-0.6203484285068704,-0.17719397235560252,0.739880981461388,1.862894884516406,0.059366826879580926,155080,3
1aT7vltGhkjyMI3F3aO3A4,Mother - Fedde Le Grand Remix,Charlie Puth,56,2Ryw2kkGP0VecGM9b4kjgo,Mother (Fedde Le Grand Remix),2019-11-01,Pop Remix,37i9dQZF1DXcZDD7cfEKhW,pop,dance pop,-0.1564308226985445,0.5379765870521669,11,0.10246285323540591,1,-0.5476407689369885,-0.6366247054218976,-0.1612512360398981,1.7913170774932223,-0.661546447899766,0.6969488420560712,178125,0
4YaU1EjXIkdRdkOI4cCZys,Signs - Eden Prince Remix,Starley,56,249wM0bMES3O4nFuwARq9i,Signs (Eden Prince Remix),2018-11-30,Pop Remix,37i9dQZF1DXcZDD7cfEKhW,pop,dance pop,0.38431659474650826,0.006539265481219141,0,-1.5926847776256814,0,0.11415313072865955,0.17827422545713018,-0.1768252205156286,1.5637674746206611,0.13247522932440975,0.223152214156212,172000,0
0Fc9QSMX6fgEBgDjUax7t7,Ruin My Life - Steve James Remix,Zara Larsson,58,6rWRg6yLGcLdG0IRaCB9LN,Ruin My Life (Remixes),2018-11-23,Pop Remix,37i9dQZF1DXcZDD7cfEKhW,pop,dance pop,0.5704755417357891,0.22877669086543367,11,-0.9634627070992331,1,-0.601470894747113,-0.8710030929982892,-0.17138886913225063,-0.7164364769230034,0.899116848713269,0.3753607405674655,177097,3
7AasLZ4TYgh7dbJXZxcZVE,Torn - KREAM Remix,Ava Max,60,6gKLNSKPll9DAG5xiygMxD,Torn (KREAM Remix),2019-09-05,Pop Remix,37i9dQZF1DXcZDD7cfEKhW,pop,dance pop,0.7389050652022812,0.48966410327298987,0,-0.08575020011854646,1,0.32789039497474226,-0.967467160848017,-0.12035994289427451,0.520177916618915,1.3591018203465843,0.4592735575782635,169935,3
7p4jpmyBnOpqQ3rSGJzZ7w,Quite Miss Home - Steve Void Remix,James Arthur,60,4H87kr1cjR2CSUkTFopYEK,Quite Miss Home (Steve Void Remix),2019-11-22,Pop Remix,37i9dQZF1DXcZDD7cfEKhW,pop,dance pop,0.5084225594060288,0.016201762237054555,10,0.4918055420362284,1,-0.3734844795512916,0.18912507673381498,-0.17719397235560252,-0.09185204972797345,-0.699878528869209,0.45484482556936007,220413,3
4sLtguRBis05qfsBgJ1IdN,Love Me Less (feat. Quinn XCII) - Party Pupils Remix,MAX,55,3E3l9Ae226bVoSwoPNuwWv,Love Me Less (Remixes),2019-06-21,Pop Remix,37i9dQZF1DXcZDD7cfEKhW,pop,dance pop,0.7920933357706471,0.17080171033042119,1,-0.0666828646480482,1,0.6033739800030264,-0.08974180107698418,-0.17629825831526982,-0.7768548197546834,2.2735957520461523,0.6917431395192897,185273,3
508lUjbGcPrL0CfvHC7UvI,Happier - Matt Medved Remix,Marshmello,59,44iw4l4Syoi5HZgCQzNSKJ,Happier (Remixes Pt. 2),2018-11-30,Pop Remix,37i9dQZF1DXcZDD7cfEKhW,pop,dance pop,1.3948937355454603,0.19012670384209202,5,-0.6466989081538559,1,-0.40831573742843097,0.38444039971414123,-0.17708334680361035,-0.8804291217518492,1.7205185837727612,0.22618239921493538,170164,3
7FDaS1k08rwMoAThmzUkOZ,Side Effects - Fedde Le Grand Remix,The Chainsmokers,63,3Yb3f9PL7aBpjuJPyiV0ot,Side Effects - Remixes,2018-07-25,Pop Remix,37i9dQZF1DXcZDD7cfEKhW,pop,dance pop,-0.22734851678969908,0.3930391357146357,0,0.5379361923680795,0,-0.5333916179872497,-0.5682643423787835,-0.17684956057107243,2.03455975642596,0.9867330337862816,0.5365044280493129,172360,0
6m8SIT10j41SPpPFOknTmP,Good Things Fall Apart (with Jon Bellion) [TiÃ«sto's Big Room Remix],ILLENIUM,67,1r4KIEhxQJ7o3b5Fbv2sRe,Good Things Fall Apart (with Jon Bellion) [TiÃ«sto's Big Room Remix],2019-07-12,Pop Remix,37i9dQZF1DXcZDD7cfEKhW,pop,dance pop,-0.8478783400873018,-0.03211072154212144,2,1.2298959473458457,1,-0.39090010848986123,-0.9261254174838479,-0.17719397235560252,-0.7070206312868975,0.08866713678790347,0.8433300895082402,247385,2
5Vwgf4MVO0vLv8fbxaGGiW,Paradise - Bazzi vs. Black Caviar Remix,Bazzi vs.,55,0TLVzJLOGaY5j7UdKskpMx,Paradise (Bazzi vs. Black Caviar Remix),2019-06-27,Pop Remix,37i9dQZF1DXcZDD7cfEKhW,pop,dance pop,0.6147991005427607,0.016201762237054555,11,1.2563441868694403,0,-0.48906092614361774,-0.9585694628011355,-0.17333607356775652,-0.578337407593449,1.1072052882616739,0.38056644310424703,218015,3
5scxjvcdozadBoRRN0UMaM,White Mercedes - EDX's Miami Sunset Remix,Charli XCX,56,37vNU8L52IJZuO7e9hqBd9,White Mercedes (EDX's Miami Sunset Remix),2019-10-25,Pop Remix,37i9dQZF1DXcZDD7cfEKhW,pop,dance pop,1.6608350883872898,-0.38962310150803176,5,0.8719221007706813,1,-0.46847881921621715,-0.829769858146887,-0.1769225807374039,0.22985600950564733,0.5869841893906618,0.37971177552358076,200444,3
6oJ6le65B3SEqPwMRNXWjY,Higher Love,Kygo,87,4wquJImu8RtyEuDtIAsfcE,Higher Love,2019-06-28,Pop Remix,37i9dQZF1DXcZDD7cfEKhW,pop,dance pop,0.30453418889395933,-1.307560293312395,8,-1.3767933340726184,1,-0.7043814293841156,-0.8156637514871967,-0.17712034368788496,-0.578337407593449,-0.4096499158148549,-1.1785803151880552,228267,1
2tilX6FUl0IwFgiOYjuc6V,Unlove You,Armin van Buuren,62,6k63cIUizpLu0h5hhIg8LG,Unlove You,2019-10-18,Pop Remix,37i9dQZF1DXcZDD7cfEKhW,pop,dance pop,0.17156351247304547,1.1080638956464564,3,0.7753552727426731,0,-0.2721571839087043,-0.6539860674645933,-0.1767887104324629,-0.2487828103297399,1.0086370800545348,-0.17318045211423344,150160,3
3yNZ5r3LKfdmjoS3gkhUCT,bad guy (with Justin Bieber),Billie Eilish,83,6lMlX68jJrx67hiCqdiDvW,bad guy (with Justin Bieber),2019-07-11,Pop Remix,37i9dQZF1DXcZDD7cfEKhW,pop,dance pop,0.10064581838189088,-3.4816220633753616,0,-3.902292670907025,1,3.453204169950793,1.7516476605764253,3.8389151758752864,-0.45279279911203596,1.1017292766946105,1.2380311176701435,194840,1
478QYNLw6dhTTx4oEkhBeq,Freaking Me Out - Keanu Silva Remix,Ava Max,55,6sOIjQyLBuivHFkEBttj5J,Freaking Me Out (Keanu Silva Remix),2019-11-01,Pop Remix,37i9dQZF1DXcZDD7cfEKhW,pop,dance pop,0.8541463181004074,1.1370513859139626,1,0.5022618227781148,0,-0.25790803295896547,0.4495455073742501,0.15261377890820682,-0.7007434008628267,-1.0448672575941955,0.2268816726900254,177466,3
3C4fzUgIP3ahkhOBdP38GM,Heaven Can Wait - The Aston Shuffle Remix,Sia,61,6fUjIqkNJY56xS62ild7D1,Heaven Can Wait (The Aston Shuffle Remix),2019-05-24,Pop Remix,37i9dQZF1DXcZDD7cfEKhW,pop,dance pop,-0.3248603461650367,0.4413516194938128,5,-1.6640335168056113,1,-0.21041086312650265,-0.9761586927206415,8.901646708190588,-0.6575874416973411,-0.20156147626645032,0.22120978783651826,218373,2
2k4c9ZAlIYHyXiJ4i20FO7,When It Comes To You - Benny Benassi & BB Team Remix,Sean Paul,56,13u5uffEUZZBoaI5kn5Zqd,When It Comes To You (Remixes),2019-10-25,Pop Remix,37i9dQZF1DXcZDD7cfEKhW,pop,dance pop,1.1555465179878144,0.7698765091922168,10,0.3423422349610313,0,1.4424906470432024,-0.3989910624625007,-0.17719397235560252,0.3632471560171488,-0.37679384641247543,0.22027742320306493,144073,3
79zGYOcAe2VmJsyQiJX31a,Gone - The Wild Remix,Charli XCX,57,2QVWSdvejmRHBaK1mroxPL,Gone (The Wild Remix),2019-08-09,Pop Remix,37i9dQZF1DXcZDD7cfEKhW,pop,dance pop,-0.16529553445993883,0.2384391876212691,6,0.4413693643400713,1,-0.5587234418978965,-0.3447368060790768,-0.1769517888039365,-1.0381445361566244,0.5924602009577251,0.385383660377089,193861,3
6B2NRQjtSOtqi67d72r5cx,American Boy - Brooks Remix,Estelle,56,2oUf4rrrptVC50h75WzjmI,American Boy (Brooks Remix),2019-06-14,Pop Remix,37i9dQZF1DXcZDD7cfEKhW,pop,dance pop,-0.4401015990631629,-0.4765855723105505,5,0.21932716740942831,0,0.5400444202264093,0.0958077557543258,-0.17719397235560252,0.1749302432950293,0.2858035532021817,0.6962495685809802,200625,3
08rBIlTMXlF5uEHobZglxv,Million Pieces - M-22 Remix,Bastille,53,4lzn3ikjb2HPZM6U6Y1IRL,Million Pieces (M-22 Remix),2019-09-27,Pop Remix,37i9dQZF1DXcZDD7cfEKhW,pop,dance pop,-0.16529553445993883,1.7264636880199218,4,0.985711038255914,0,-0.2911560518416894,-0.07997603492796788,-0.07618274226373473,-0.5155651033527425,0.001050951714890909,0.37528304351467734,166237,3
1BmdqDrBU5eohtRwHBls6C,joy. (R3HAB Remix),for KING & COUNTRY,56,2gGMD56Y8DAvIzpoYfA014,joy. (R3HAB Remix),2019-01-25,Pop Remix,37i9dQZF1DXcZDD7cfEKhW,pop,dance pop,0.8098227592934358,-0.03211072154212144,0,0.1928789278858336,0,-0.31173815876908995,0.01225620092385293,-0.17700046891482416,-0.4998720272925659,0.006526963281954194,0.07125447595611001,171500,3
5rxKInBVj0QE87KenyDiLf,Crash Into Me - Settle Down Steavis Aoki Remix,Steve Aoki,34,6GXIqRarFMaBWoF4N33foM,Crash Into Me (Settle Down Steavis Aoki Remix),2019-11-12,Pop Remix,37i9dQZF1DXcZDD7cfEKhW,pop,dance pop,-1.096090269406342,1.3786138048098469,1,1.1837652970139947,0,-0.6742998884902226,-0.9761586927206415,-0.04454067018676409,0.6849552152507697,-1.9648372008608266,0.6886352574077782,266719,2
3kgKVcBpBGuSeaEC0AZGlb,Old Town Road - Diplo Remix,Lil Nas X,74,66FxETmTBazRMZNbvGtGQl,Old Town Road (Diplo Remix),2019-04-29,Pop Remix,37i9dQZF1DXcZDD7cfEKhW,pop,dance pop,0.951658147475745,-0.4089480950197026,6,-2.5755751673629885,1,-0.3054052027914283,-0.9386038964520353,-0.17714821305136816,-0.48417895123238924,-0.9955831534906261,1.6250401376060555,204027,2
5qCrT9lVmIGxqB8i6bb83P,Lovers + Strangers - GATTÃœSO Remix,Starley,46,3BnKoWIFRdfjSmxfQPOHuK,Lovers + Strangers (GATTÃœSO Remix),2019-11-15,Pop Remix,37i9dQZF1DXcZDD7cfEKhW,pop,dance pop,-0.08551312860738991,0.07417674277206704,10,-0.019322063640681144,0,-0.4700620582106326,-0.798302389444501,-0.17297097273609915,-0.8568895076615842,-0.4644100314854877,0.5326972724627124,203968,2
3Lv3frZVXU7Q0JEFvLIzWW,Promises (with Sam Smith) - David Guetta Remix,Calvin Harris,63,7g15PlMnaKmFMUsSpR8aZt,Promises (with Sam Smith) [Remixes],2018-10-19,Pop Remix,37i9dQZF1DXcZDD7cfEKhW,pop,dance pop,-0.6262605460524436,-1.1239728549515233,3,0.10861360661298593,0,-0.6283859576521752,1.0354914763152288,-0.17452873628450385,-0.5626443315332724,-1.3898559863191822,0.4689856891767355,190417,1
2bZYJvVRN5EqIvAUFhUNls,Flames (with ZAYN) - R3HAB & Skytech VIP Remix,R3HAB,55,04MEXjH1XyMV7O0IWDXN5p,Flames (with ZAYN) (R3HAB & Skytech VIP Remix),2019-12-12,Pop Remix,37i9dQZF1DXcZDD7cfEKhW,pop,dance pop,-2.691738386457319,-0.23502315341466515,5,0.3460326869875795,0,1.3949934772107395,-0.8221742622532077,-0.17719397235560252,-1.0922856485642336,-1.6965126340747256,-3.0050826321230937,237686,2
3utdq3dPLVD4r7Vv9BnCAI,What Am I - SONDR Remix,Why Don't We,52,1UmAfO69MdjI20N6etueHb,What Am I (SONDR Remix),2019-11-01,Pop Remix,37i9dQZF1DXcZDD7cfEKhW,pop,dance pop,-1.0340372870765815,0.2577641811329399,0,-0.22291200043858408,0,-0.5539737249146501,-0.6181782582515335,-0.176165605013101,0.8026532857020946,0.16533129872678945,-0.08553817656962208,180361,0
1ppOGANOzMT01Cxh9jx4hN,Cool Kids,Olympis,67,1ZmJJdNN2BAnVqoiU4xtZe,Cool Kids,2019-11-01,Pop Remix,37i9dQZF1DXcZDD7cfEKhW,pop,dance pop,0.676852082872521,-3.027484715851098,8,-3.921975081715282,1,-0.40831573742843097,3.520336418676046,-0.17681426749067888,-0.3507878047208879,-1.97031321242789,0.5422540099556081,139048,1
5Shjuje8PRcX7ueEVajrLH,Loco Contigo (with J. Balvin & Tyga) - Cedric Gervais Remix,DJ Snake,63,4shNfMW19y4WnkuhCHum19,Loco Contigo (with J. Balvin & Tyga) [Cedric Gervais Remix],2019-08-09,Pop Remix,37i9dQZF1DXcZDD7cfEKhW,pop,dance pop,0.8275521828162244,0.2577641811329399,6,0.2888306805760842,0,-0.6268027186577598,-0.9300317239434543,-0.04454067018676409,-0.6520948650762792,-0.09751725649224792,0.3792455932068541,279800,3
6wKJjrWWP4qpzYbE8oQkc4,All Star - Breathe Carolina Remix,Smash Mouth,60,5lsHOl5P5mWLHeslZCLSaQ,All Star (Breathe Carolina Remix),2019-08-23,Pop Remix,37i9dQZF1DXcZDD7cfEKhW,pop,dance pop,0.7920933357706471,0.866501476750571,3,-0.5882667510668442,0,-0.6078038507247747,-0.6311992797835553,-0.17719397235560252,-0.5391047174430075,1.4905260979561032,-0.31878472903852534,217043,3
6EDH26ppl7R8oV4tGilCkS,Trampoline - Dave AudÃ© Remix,SHAED,45,2ms8D5cy72qBtVnxKlXtP3,Melt (Deluxe),2019-12-27,Pop Remix,37i9dQZF1DXcZDD7cfEKhW,pop,dance pop,-0.4578310225859515,1.3689513080540114,7,0.8042638136172998,0,0.3975529107290208,-0.8058979853381805,1.2953793819957233,-0.801963741450966,0.12152320619028319,0.5332411518322261,230476,2
4RaN7556EogBfF80klMEX2,Stay (Don't Go Away) [feat. Raye] - Mark Knight Remix,David Guetta,58,5DInvPwtc0gzZuZjpu1BHc,Stay (Don't Go Away) [feat. Raye] [Mark Knight Remix],2019-07-11,Pop Remix,37i9dQZF1DXcZDD7cfEKhW,pop,dance pop,-0.4578310225859515,1.755451178287428,9,1.596480848649622,0,-0.4463134732944012,0.01659654143452682,-0.15285391691177896,-1.021666806293439,1.0141130916215981,0.45663185778347976,188640,3
1nwoWaqzB30bD4IPqRNuex,With You - Dexter Remix,Kaskade,51,5cHgBxHHpJLjMWGBBiJEVJ,With You - The Remixes,2019-09-12,Pop Remix,37i9dQZF1DXcZDD7cfEKhW,pop,dance pop,0.1804282242344398,-0.26401064368217136,1,-1.2285601776729371,0,0.8725246090536488,0.30848444077734766,-0.17712229089232048,0.38678677010741375,-0.04823315238867865,0.5416324335333063,196613,3
4fDBElPGDqZQ3rJorZTm2w,Safety (feat. DJ Snake) - Dark Heart 2am Mix,GASHI,58,393WHbcQ36YL7O87MqYZzJ,Safety (The Dark Heart Remixes) (feat. DJ Snake),2019-11-15,Pop Remix,37i9dQZF1DXcZDD7cfEKhW,pop,dance pop,0.49069313588324015,-0.11907319234464017,5,-0.5409059500594771,0,-0.7407959262556705,-0.7614094951037728,-0.10234830186584505,1.2499059534171286,-1.0229632113259426,0.3802556548930956,210000,0
6AZ21kPj2a0INgf3uCviVu,Beautiful (feat. Camila Cabello) - Bazzi vs. EDX's Ibiza Sunrise Remix,Bazzi vs.,56,6KGnQuHVrsfblNq0ekXp3y,Beautiful (feat. Camila Cabello) [Bazzi vs. EDX's Ibiza Sunrise Remix],2018-09-28,Pop Remix,37i9dQZF1DXcZDD7cfEKhW,pop,dance pop,0.27794005360977636,0.47033910976131904,2,0.4715080558902142,1,0.27722674715344847,-0.3197798481427017,-0.17696882684274717,0.49663830252865004,-0.1413253490287542,0.22175366720603198,187869,3
3uXHSf9sSIpOJWuC1H8DiU,Talk - Disclosure VIP,Khalid,60,3zKB8eOzx6nPOnKUf0A4CS,Talk (Disclosure VIP),2019-03-27,Pop Remix,37i9dQZF1DXcZDD7cfEKhW,pop,dance pop,1.031440553328294,0.5186515935404961,4,-1.5176455864192038,0,2.0124566850327557,-0.8113234109765228,-0.034804648009234655,-1.0922856485642336,0.47198794648233283,0.764156792717496,273229,3
4Q9iBGT9b9CVTtDwsgQWnl,Spicy - Majestic Remix,Herve Pagez,48,1PbOvsQE07RzhUzeaZTldw,Spicy (with Diplo & Charli XCX) [Remixes],2019-10-11,Pop Remix,37i9dQZF1DXcZDD7cfEKhW,pop,dance pop,1.3771643120226715,0.2384391876212691,11,-0.38529188960669947,1,-0.009339510835743487,-0.9719160098714578,0.09419764584303027,-1.2256767950757352,2.6295365039052654,0.22198675836439533,255861,3
6LCsZ8ARrIq0n9nr6gM2ru,Don't Leave Me Lonely (feat. Yebba) - Claptone Remix,Mark Ronson,56,7kDHIbujnNBfCxe0KhYkZ3,Don't Leave Me Lonely (feat. Yebba) [Claptone Remix],2019-10-04,Pop Remix,37i9dQZF1DXcZDD7cfEKhW,pop,dance pop,1.1112229591808427,-0.33164812097301927,8,-0.34408184197691294,1,-0.6046373727359439,-0.5953914705704955,0.1270567206921921,-1.1785975668952051,-0.10846927962637448,0.45632106957232826,216714,3
27F9FlipD657qYRQT3qxFm,Treehouse - R3HAB Remix,James Arthur,56,6T3Bfp49DNsclv7kq9eqP2,Treehouse (R3HAB Remix),2019-09-13,Pop Remix,37i9dQZF1DXcZDD7cfEKhW,pop,dance pop,-2.585361845320587,-0.2929981339496776,6,0.25623168767490945,1,1.2208371878250424,-0.9268849770732158,-0.17719397235560252,-0.9432014259925557,-1.0393912460271324,-2.4169936395724165,192653,2
6B9cqNooxIyPfr3P5EB8LA,Hearts Ain't Gonna Lie - Eden Prince Remix,Arlissa,65,00wIfIEWOqJ2RFrRazVl0i,"Hearts Ain't Gonna Lie (Remixes, Pt. 1)",2018-02-09,Pop Remix,37i9dQZF1DXcZDD7cfEKhW,pop,dance pop,-0.4401015990631629,0.16113921357458577,6,0.7144628143046299,0,0.03815765899671912,1.1982542454655007,-0.17644186464238837,-1.118963877866534,0.685552397597801,-0.10006752544093601,238451,3
05CwHjIk71RXVU40boRMnR,Call You Mine,The Chainsmokers,39,1ONuDpN0a3zhCUyKCgtuzK,World War Joy,2019-05-31,Dance Pop,37i9dQZF1DWZQaaqNMbbXa,pop,dance pop,-0.5996664107682607,-1.0756603711723463,7,-0.4117401291302942,1,-0.7597947941886557,1.4586746761059355,-0.17719397235560252,1.8776289958241934,0.12152320619028319,-1.1746177654958783,217653,1
0qc4QlcCxVTGyShurEv1UU,Post Malone (feat. RANI),Sam Feldt,83,41S9bfzXTSGK4HU2mp5qXH,Magnets EP,2019-05-24,Dance Pop,37i9dQZF1DWZQaaqNMbbXa,pop,dance pop,-0.608531122529655,-1.65541017652247,7,0.6461894518134902,1,0.7142007096121061,-0.14616622771574506,-0.17719397235560252,-0.5469512554730959,0.9429249412497753,-0.9140995474984658,174444,3
5icOoE6VgqFKohjWWNp0Ac,Here With Me,Marshmello,83,6NHS3hV16MZyfcp0nSHdrd,Here With Me,2019-03-08,Dance Pop,37i9dQZF1DWZQaaqNMbbXa,pop,dance pop,1.173275941510603,-2.399422426721797,5,0.6074397055347355,0,-0.5223089450263416,-0.30675882661068,-0.17719397235560252,-0.1467778159385917,-1.6308004952699666,-1.4886692528640693,156347,1
6GIRtKNXokeu25nn7U6Hu8,Easier - Seeb Remix,5 Seconds of Summer,71,1N3m1ZId0DMGaCN83haJLs,Easier (Seeb Remix),2019-07-12,Dance Pop,37i9dQZF1DWZQaaqNMbbXa,pop,dance pop,-0.8390136283259074,-0.6408480171597525,5,0.9512668193414652,1,-0.29273929083610484,-0.19282488820548963,-0.17719397235560252,-0.18601050608903333,1.3043417046759516,-1.6505122138210064,165767,3
4PkIDTPGedm0enzdvilLNd,Sixteen,Ellie Goulding,81,5AXNN75OmMjFrwst6ExNPx,Sixteen,2019-04-12,Dance Pop,37i9dQZF1DWZQaaqNMbbXa,pop,dance pop,0.09178110662049656,-0.11907319234464017,8,-0.32255420515538236,1,0.935854168830266,1.925261281003382,-0.17719397235560252,-0.9047533896451229,0.3405636688728146,-0.7149620012033956,201072,1
5PYQUBXc7NYeI1obMKSJK0,Never Really Over,Katy Perry,85,3KjXg0MDej2pG9fv6I22lT,Never Really Over,2019-05-31,Dance Pop,37i9dQZF1DWZQaaqNMbbXa,pop,dance pop,0.9871169945213223,0.6635890448780273,8,0.07908999040060122,1,-0.26424098893662723,1.1222982865287072,-0.17719397235560252,1.1086682688755387,-0.5136941355890573,-1.4863383412804358,223523,0
4Gcv5SsxnQWpmOnUI19EJk,All You Need To Know (feat. Calle Lehmann),Gryffin,76,0xLM3GiU0ZSstvhmeV0hmf,All You Need To Know (feat. Calle Lehmann),2019-03-27,Dance Pop,37i9dQZF1DWZQaaqNMbbXa,pop,dance pop,-1.291113928157017,-0.24468565017050056,0,0.1793472704551577,1,-0.6410518696074986,-0.8777306207898338,-0.17719397235560252,-0.5077185653226542,-1.3405718822156125,1.6212329820194538,238459,2
5YkmS18BehACOhIIeUqe6l,I Miss Myself (with HRVY),NOTD,71,0G0ho2sdOWIRRAh1PDTVFd,I Miss Myself (with HRVY),2019-05-03,Dance Pop,37i9dQZF1DWZQaaqNMbbXa,pop,dance pop,0.5438814064516061,0.48966410327298987,0,1.0281512365612169,1,2.0757862448093727,-0.05393399186392439,-0.17719397235560252,-0.11539166381823843,0.9867330337862816,-1.7926978204226365,191612,3
3vQhEd4lOg4mAV6CHCgoHW,South of the Border (feat. Camila Cabello & Cardi B) - Sam Feldt Remix,Ed Sheeran,65,05Bru0ZVTxp4orAyrZIA77,South of the Border (feat. Camila Cabello & Cardi B) [Sam Feldt Remix],2019-10-04,Dance Pop,37i9dQZF1DWZQaaqNMbbXa,pop,dance pop,1.1555465179878144,0.4316891227379774,5,0.3275804268548389,1,-0.5777223098308816,1.4044204197225116,-0.17663658508593896,1.257752491447217,0.06676309051965033,-0.7077361752941321,173455,0
6wo37KVqFJhtuxPTpLCcfe,Takeaway (feat. Lennon Stella),The Chainsmokers,67,1JawI0XkEwmQ5Bwef3RMbq,World War Joy...Takeaway,2019-07-24,Dance Pop,37i9dQZF1DWZQaaqNMbbXa,pop,dance pop,-3.2324858039023723,-2.9791722320719205,3,-1.959269678929458,1,-0.5523904859202348,0.31933529205403244,-0.17719397235560252,-0.6042309830927405,-0.6670224594668293,-2.625299438096445,209893,1
3OTSBoYKO7HzGVj8Bu2OH9,All the Time,Zara Larsson,74,4x79GTZCS7XsmxK9qxxMmV,All the Time,2019-06-21,Dance Pop,37i9dQZF1DWZQaaqNMbbXa,pop,dance pop,0.056322259574919264,-0.138398185856311,6,1.2624949402470205,0,-0.24049240402039584,0.97038636865512,-0.17719397235560252,-0.3900204948713295,0.1160471946232199,-1.3321096914967006,228112,3
4NSW0Km5ZG60L8FthUebPJ,What I Like About You (feat. Theresa Rex),Jonas Blue,81,6gPZmYBSipug1asf4zu9jh,What I Like About You (feat. Theresa Rex),2019-03-22,Dance Pop,37i9dQZF1DWZQaaqNMbbXa,pop,dance pop,-1.7609436515109156,-0.1287356891004756,1,0.8221009984122822,1,-0.4257313663670006,2.1531291578137624,-0.17711900498483557,-0.4214066469916828,0.406275807677574,-1.2945043179474172,220396,1
1xK7enJZVdv37fnnxoZlPq,With You,Kaskade,71,03Rd91m56yw4XklwHF9FHq,With You,2019-06-14,Dance Pop,37i9dQZF1DWZQaaqNMbbXa,pop,dance pop,-2.629685404127559,1.0404264183556085,1,0.6800185953901811,0,6.477190649284257,0.35188784588408684,-0.17719397235560252,0.12000447708441103,0.2748515300680552,4.123388869996994,180840,4
1z1XegUChLLQfcbtIK8ABn,Body Back (feat. Maia Wright),Gryffin,75,3VCPQRcHVxiVaePlQ6TwoF,Body Back (feat. Maia Wright),2019-10-18,Dance Pop,37i9dQZF1DWZQaaqNMbbXa,pop,dance pop,0.24248120656420005,0.16113921357458577,8,0.297441735304696,1,-0.6331356746354214,0.04589383988157569,-0.1771777862187324,0.05723217284370445,0.03938303268433391,0.30387945200271144,214634,3
6aoGtdWXBkYQ2O2wnyIz2x,Not Ok,Kygo,73,3GTuto6NDtZegL6idSk183,Not Ok,2019-05-23,Dance Pop,37i9dQZF1DWZQaaqNMbbXa,pop,dance pop,-0.36031919321061395,-1.4814852349174326,11,-1.9801822404132308,0,-0.6283859576521752,-0.6659220038689465,-0.17716878039821818,1.1792871111463337,-0.387745869546602,-1.0971538038664657,210944,1
5tAa8Uaqr4VvA3693mbIhU,Ruin My Life,Zara Larsson,79,2BM5FQCILC33Va2jOZ11Mu,Ruin My Life,2018-10-18,Dance Pop,37i9dQZF1DWZQaaqNMbbXa,pop,dance pop,0.056322259574919264,-1.1046478614398525,11,-0.21184064435893943,1,-0.30223872480259745,3.6071432288895244,-0.17719397235560252,-0.6105082135168112,0.5815081778235985,0.44870675839912627,190932,1
18W92Zm1KjLCbUIszOhpkD,I Wanna Know (feat. Bea Miller),NOTD,74,2xqSl9X8ulJayI0KxABaLV,I Wanna Know (feat. Bea Miller),2018-03-16,Dance Pop,37i9dQZF1DWZQaaqNMbbXa,pop,dance pop,0.020863412529341967,-0.8534229457881316,6,0.03787994277081416,1,-0.3259873097188288,-0.7082403238480173,-0.17719397235560252,-0.4057135709315061,0.6910284091648642,0.06263010309666764,197939,3
3D37T7euWvVJ45evRmriIh,Better With You,3LAU,63,4CoLHunP23dUcORSP1Nfzb,Better With You,2019-03-01,Dance Pop,37i9dQZF1DWZQaaqNMbbXa,pop,dance pop,-0.7769606459961471,-0.5925355333805754,3,0.02988396337996004,1,-0.7534618382109939,-0.7700901761251207,-0.17635180643724624,-0.4763324132023009,-1.2529556971426001,-1.3269039889599188,192941,2
3y3brCCecHC3Db18aIOnny,"Carry On (from the Original Motion Picture ""POKÃ‰MON Detective Pikachu"")",Kygo,79,1Z7WbPmn7QFoJ2DrNfEehz,"Carry On (from the Original Motion Picture ""POKÃ‰MON Detective Pikachu"")",2019-04-19,Dance Pop,37i9dQZF1DWZQaaqNMbbXa,pop,dance pop,-0.5996664107682607,-1.04667288090484,9,-0.9831451179074895,0,0.03340794201347293,3.1514074752687633,-0.17578224913986076,-0.34294126669079955,-1.1434354658013344,0.20807898591538437,215316,1
6XqvFyJGdUD5IWee02ARKU,Polaroid,Jonas Blue,16,6x8gRx7RDvPckYBzPodW8w,Blue,2018-11-09,Dance Pop,37i9dQZF1DWZQaaqNMbbXa,pop,dance pop,-0.05891899332320694,0.8181889929713939,7,0.2703784204433436,0,-0.6458015865907449,2.163980009090447,-0.17719397235560252,-0.7980404724359219,-0.037281129254552084,-0.3945393555066065,193377,3
575NJxNUVDqwJGdzBrlLbv,Lost In Japan - Remix,Shawn Mendes,75,3ynoYncFXzo2OfPT8j93Pw,Lost In Japan (Remix),2018-09-27,Dance Pop,37i9dQZF1DWZQaaqNMbbXa,pop,dance pop,0.41977544179208554,0.40270163247047114,10,-0.2807290821878371,1,2.186612974418453,0.005745690157842019,-0.17719397235560252,1.3519109478082763,-1.0174871997588792,-0.927463440577963,201253,0
70YPzqSEwJvAIQ6nMs1cjY,In Your Arms (with X Ambassadors),ILLENIUM,75,60xcVwuQJAOyu11xf9mObS,ASCEND,2019-08-16,Dance Pop,37i9dQZF1DWZQaaqNMbbXa,pop,dance pop,-2.257367510148997,-0.0707607085654631,2,0.10492315458643771,1,-0.4320643223446624,1.1657016916354463,-0.17719397235560252,-0.4763324132023009,-2.0086452933973327,2.2466165599082637,220730,2
7Ht0v0LWBCOEjmNQ0iMpNr,I'm Not Alright,Loud Luxury,55,3AaYBMcqoBYcZLfBsNDLri,I'm Not Alright,2019-07-12,Dance Pop,37i9dQZF1DWZQaaqNMbbXa,pop,dance pop,1.9267764412291195,0.41236412922630655,4,0.6375783970848781,1,-0.44789671228881667,-0.10167773748133749,-0.17717827301984126,2.215030131117991,1.129109334529927,0.2229968200506368,185062,0
6nDKrPlXdpomGBgAlO7UdP,SOS,Avicii,30,7Jx7doYIXITyR2LQB0Hvbc,SOS,2019-04-10,Dance Pop,37i9dQZF1DWZQaaqNMbbXa,pop,dance pop,1.2707877708859405,-1.6264226862549638,5,-0.7752496537452807,0,-0.08533498256768414,1.9686646861101211,-0.17719397235560252,-0.4370997230518594,-0.5629782396926268,-1.4855613707525577,157202,1
2b1BwUGGyKq0CoJd8G1B6M,Harder,Jax Jones,62,1fYOToOfdZXY5hrOra8z2Z,Snacks,2019-07-12,Dance Pop,37i9dQZF1DWZQaaqNMbbXa,pop,dance pop,2.1927177940709495,0.1804642070862566,5,1.1788446943119306,0,-0.08058526558443772,0.0035755199025049983,-0.17719397235560252,-0.178163968058945,1.4905260979561032,-1.1725199450706083,159753,3
09IStsImFySgyp0pIQdqAc,The Middle,Zedd,84,7nEiwcUSwycvC77kZ9ub7c,The Middle,2018-01-23,Dance Pop,37i9dQZF1DWZQaaqNMbbXa,pop,dance pop,0.8364168945776188,-1.5104727251849388,7,1.1437854000597238,1,-0.5064765550821874,0.872728707164957,-0.17719397235560252,-0.4920254892624776,-0.22894153410176676,-0.9409827277630355,184732,1
1lGVyEkGHUz7Pg78QGaS4a,Wanted,NOTD,70,5sPC6RYCERdNCzHLRf9zHb,Wanted,2019-09-27,Dance Pop,37i9dQZF1DWZQaaqNMbbXa,pop,dance pop,0.30453418889395933,-1.3462102803357368,5,0.2900608312516001,1,-0.07266907061236058,1.024640625038544,-0.17719397235560252,-0.8694439685097256,-0.5520262165585003,-1.7986027964345082,160998,1
6ksMjdec8b6C45TUawkAdu,Crash Into Me,Steve Aoki,37,2dRuXHSYXjRubjTkjMFZFD,Crash Into Me,2019-07-12,Dance Pop,37i9dQZF1DWZQaaqNMbbXa,pop,dance pop,0.11837524190467953,0.016201762237054555,1,-0.9566968783838948,0,0.3358065899468194,-0.9560737670074979,-0.17719397235560252,3.1566146947285887,-0.7546386445398415,-0.3176192732467087,226093,0
1vsQb8n0icvMsFnL9663LM,Need Your Love (with Noah Kahan),Gryffin,70,5CaTHgZaRvb2vCK1mVbCR1,Gravity,2019-10-24,Dance Pop,37i9dQZF1DWZQaaqNMbbXa,pop,dance pop,-0.6883135283822039,-0.5152355593338922,0,0.5896025207397528,1,-0.5745558318420507,0.7533693431214242,-0.17719397235560252,0.06507871087379277,0.24199546066567545,-1.1671588484282516,205787,3
